{"cameraMode":{"drawMode":0,"name":"Shaded","section":"Shading Mode"},"sceneLighting":false,"audioPlay":false,"sceneViewState":{"showFog":true,"showMaterialUpdate":false,"showSkybox":false,"showFlares":true,"showImageEffects":true,"showParticleSystems":true},"in2DMode":false,"pivot":{"x":-0.027750879526138307,"y":0.1419341266155243,"z":-0.0681108832359314},"rotation":{"x":0.2831772565841675,"y":0.5368740558624268,"z":-0.19749662280082704,"w":0.7697873115539551},"size":4.690199851989746,"orthographic":false}