{"cameraMode":{"drawMode":0,"name":"Shaded","section":"Shading Mode"},"sceneLighting":false,"audioPlay":false,"sceneViewState":{"showFog":true,"showMaterialUpdate":false,"showSkybox":false,"showFlares":true,"showImageEffects":true,"showParticleSystems":true},"in2DMode":false,"pivot":{"x":12.45194149017334,"y":-0.3518637418746948,"z":-0.5970745086669922},"rotation":{"x":0.17131532728672028,"y":-0.2273881584405899,"z":0.04067276790738106,"w":0.9577546119689941},"size":7.088724136352539,"orthographic":true}