{"cameraMode":{"drawMode":0,"name":"Shaded","section":"Shading Mode"},"sceneLighting":false,"audioPlay":false,"sceneViewState":{"showFog":true,"showMaterialUpdate":false,"showSkybox":false,"showFlares":true,"showImageEffects":true,"showParticleSystems":true},"in2DMode":false,"pivot":{"x":-0.1649932861328125,"y":0.16344383358955384,"z":-0.008056640625},"rotation":{"x":0.13543368875980378,"y":0.4532247483730316,"z":-0.06989020109176636,"w":0.8782727718353272},"size":0.8452161550521851,"orthographic":true}