{"cameraMode":{"drawMode":0,"name":"Shaded","section":"Shading Mode"},"sceneLighting":false,"audioPlay":false,"sceneViewState":{"showFog":true,"showMaterialUpdate":false,"showSkybox":false,"showFlares":true,"showImageEffects":true,"showParticleSystems":true},"in2DMode":false,"pivot":{"x":0.21037954092025758,"y":0.3315655589103699,"z":-0.4955517053604126},"rotation":{"x":0.17131532728672028,"y":-0.2273881584405899,"z":0.04067276790738106,"w":0.9577546119689941},"size":0.7584952712059021,"orthographic":true}