{"cameraMode":{"drawMode":0,"name":"Shaded","section":"Shading Mode"},"sceneLighting":false,"audioPlay":false,"sceneViewState":{"showFog":true,"showMaterialUpdate":false,"showSkybox":false,"showFlares":true,"showImageEffects":true,"showParticleSystems":true},"in2DMode":false,"pivot":{"x":-0.10752522945404053,"y":-1.0922086238861085,"z":0.06495586037635803},"rotation":{"x":0.2831772565841675,"y":0.5368740558624268,"z":-0.19749662280082704,"w":0.7697873115539551},"size":0.7141427993774414,"orthographic":false}