{"cameraMode":{"drawMode":0,"name":"Shaded","section":"Shading Mode"},"sceneLighting":false,"audioPlay":false,"sceneViewState":{"showFog":true,"showMaterialUpdate":false,"showSkybox":false,"showFlares":true,"showImageEffects":true,"showParticleSystems":true},"in2DMode":false,"pivot":{"x":0.21417236328125,"y":0.15625609457492829,"z":-0.4591064453125},"rotation":{"x":0.17131532728672028,"y":-0.2273881584405899,"z":0.04067276790738106,"w":0.9577546119689941},"size":0.714142918586731,"orthographic":true}