{"cameraMode":{"drawMode":0,"name":"Shaded","section":"Shading Mode"},"sceneLighting":true,"audioPlay":false,"sceneViewState":{"showFog":true,"showMaterialUpdate":false,"showSkybox":true,"showFlares":true,"showImageEffects":true,"showParticleSystems":true},"in2DMode":false,"pivot":{"x":292.4916687011719,"y":572.7228393554688,"z":-2.53594970703125},"rotation":{"x":-0.0059926253743469719,"y":0.04947880282998085,"z":0.0002970126806758344,"w":0.9987580180168152},"size":255.217041015625,"orthographic":false}