{"cameraMode":{"drawMode":0,"name":"Shaded","section":"Shading Mode"},"sceneLighting":false,"audioPlay":false,"sceneViewState":{"showFog":true,"showMaterialUpdate":false,"showSkybox":false,"showFlares":true,"showImageEffects":true,"showParticleSystems":true},"in2DMode":false,"pivot":{"x":0.111419677734375,"y":0.214874267578125,"z":-0.4779052734375},"rotation":{"x":0.17131532728672028,"y":-0.2273881584405899,"z":0.04067276790738106,"w":0.9577546119689941},"size":4.555644989013672,"orthographic":true}