{"cameraMode":{"drawMode":0,"name":"Shaded","section":"Shading Mode"},"sceneLighting":false,"audioPlay":false,"sceneViewState":{"showFog":true,"showMaterialUpdate":false,"showSkybox":false,"showFlares":true,"showImageEffects":true,"showParticleSystems":true},"in2DMode":false,"pivot":{"x":0.07501220703125,"y":0.187255859375,"z":-0.5692138671875},"rotation":{"x":0.17131532728672028,"y":-0.2273881584405899,"z":0.04067276790738106,"w":0.9577546119689941},"size":0.7461650967597961,"orthographic":true}